num_trajs,mean_len,std_len,mean_reward,std_reward,worst_idx,best_idx
50,189.16,49.55695960102838,35.17641094852239,36.01442568306321,25,14
